[
{
  "model": "loginregistration.user",
  "pk": 1,
  "fields": {
    "first_name": "Dalton",
    "last_name": "Broback",
    "email": "dbroback@gmail.com",
    "password": "$2b$12$QQiaRI4ouVcelgfa.8ehau9wDe6MXeMMfbtSkXzzfgcEKt.bcpkvG",
    "created_at": "2017-03-23T23:14:55.535Z",
    "updated_at": "2017-03-24T19:45:54.055Z"
  }
},
{
  "model": "loginregistration.user",
  "pk": 2,
  "fields": {
    "first_name": "Lucia",
    "last_name": "Lobosvilla",
    "email": "lucialobosvilla@gmail.com",
    "password": "$2b$12$vwq9vP8XJTbBSMKXpM9Czusbr0nqSDDhEbl1F6IrcOgkei/nmCEZW",
    "created_at": "2017-03-23T23:16:06.988Z",
    "updated_at": "2017-03-24T19:45:38.470Z"
  }
},
{
  "model": "loginregistration.user",
  "pk": 3,
  "fields": {
    "first_name": "Zelos",
    "last_name": "Wilder",
    "email": "zelos@wilder.com",
    "password": "$2b$12$icb338b8Vgkt/IADCJuUp.eMdA4TjX8mObNyVvxfkglHxco.aNLzy",
    "created_at": "2017-03-24T18:03:38.248Z",
    "updated_at": "2017-03-24T19:44:33.133Z"
  }
},
{
  "model": "loginregistration.user",
  "pk": 4,
  "fields": {
    "first_name": "Matt",
    "last_name": "Mercer",
    "email": "mm@gmail.com",
    "password": "$2b$12$sKkHplWmdsvJ5Ag7mUwnwO4HbjDL9PDDl73z///nT6U.Zk0YXjzGu",
    "created_at": "2017-03-24T19:46:50.603Z",
    "updated_at": "2017-03-24T19:46:50.603Z"
  }
},
{
  "model": "loginregistration.user",
  "pk": 5,
  "fields": {
    "first_name": "Crispin",
    "last_name": "Freeman",
    "email": "kyon@gmail.com",
    "password": "$2b$12$3igqMSthAWiqJfwwiCT5B.eTYsTFe/w31sZMgjLgMskmin6.e5L12",
    "created_at": "2017-03-24T19:48:18.258Z",
    "updated_at": "2017-03-24T19:49:51.376Z"
  }
},
{
  "model": "loginregistration.user",
  "pk": 6,
  "fields": {
    "first_name": "Wendee",
    "last_name": "Lee",
    "email": "wlee@gmail.com",
    "password": "$2b$12$SvNS2vBdMYPxwIviajQDyOfGYNv/N6fQcx4k52WULyp55dmvehbUK",
    "created_at": "2017-03-24T19:49:14.121Z",
    "updated_at": "2017-03-24T19:49:31.235Z"
  }
},
{
  "model": "loginregistration.user",
  "pk": 7,
  "fields": {
    "first_name": "Edward",
    "last_name": "Nigma",
    "email": "enigma@gmail.com",
    "password": "$2b$12$g129.eEHkXWAlNvjR4LQju5UYe7YBCfyG6.NMz8TlPvjXygstVUm.",
    "created_at": "2017-03-24T20:20:16.566Z",
    "updated_at": "2017-03-24T20:21:32.041Z"
  }
},
{
  "model": "wish_list.item",
  "pk": 25,
  "fields": {
    "name": "iPhone",
    "added_by": "Dalton",
    "created_at": "2017-03-24T19:00:25.184Z",
    "updated_at": "2017-03-24T20:21:32.040Z",
    "user": [
      1
    ]
  }
},
{
  "model": "wish_list.item",
  "pk": 26,
  "fields": {
    "name": "Justice",
    "added_by": "Dalton",
    "created_at": "2017-03-24T19:00:48.272Z",
    "updated_at": "2017-03-24T19:44:08.252Z",
    "user": [
      1,
      2,
      3
    ]
  }
},
{
  "model": "wish_list.item",
  "pk": 28,
  "fields": {
    "name": "House",
    "added_by": "Zelos",
    "created_at": "2017-03-24T19:43:43.933Z",
    "updated_at": "2017-03-24T19:43:43.933Z",
    "user": [
      3
    ]
  }
},
{
  "model": "wish_list.item",
  "pk": 29,
  "fields": {
    "name": "Party Favors",
    "added_by": "Zelos",
    "created_at": "2017-03-24T19:43:55.103Z",
    "updated_at": "2017-03-24T19:43:55.103Z",
    "user": [
      3
    ]
  }
},
{
  "model": "wish_list.item",
  "pk": 30,
  "fields": {
    "name": "Friends",
    "added_by": "Zelos",
    "created_at": "2017-03-24T19:44:01.737Z",
    "updated_at": "2017-03-24T19:49:31.233Z",
    "user": [
      3,
      6
    ]
  }
},
{
  "model": "wish_list.item",
  "pk": 31,
  "fields": {
    "name": "Games",
    "added_by": "Lucia",
    "created_at": "2017-03-24T19:45:34.381Z",
    "updated_at": "2017-03-24T19:45:34.381Z",
    "user": [
      2
    ]
  }
},
{
  "model": "wish_list.item",
  "pk": 32,
  "fields": {
    "name": "Book",
    "added_by": "Lucia",
    "created_at": "2017-03-24T19:45:38.465Z",
    "updated_at": "2017-03-24T20:21:02.004Z",
    "user": [
      1,
      2,
      5,
      7
    ]
  }
},
{
  "model": "wish_list.item",
  "pk": 33,
  "fields": {
    "name": "Acting Lessons",
    "added_by": "Wendee",
    "created_at": "2017-03-24T19:49:23.899Z",
    "updated_at": "2017-03-24T19:49:23.899Z",
    "user": [
      6
    ]
  }
},
{
  "model": "wish_list.item",
  "pk": 34,
  "fields": {
    "name": "Opera Tickets",
    "added_by": "Crispin",
    "created_at": "2017-03-24T19:49:51.371Z",
    "updated_at": "2017-03-24T19:49:51.371Z",
    "user": [
      5
    ]
  }
},
{
  "model": "contenttypes.contenttype",
  "pk": 1,
  "fields": {
    "app_label": "loginregistration",
    "model": "user"
  }
},
{
  "model": "contenttypes.contenttype",
  "pk": 2,
  "fields": {
    "app_label": "admin",
    "model": "logentry"
  }
},
{
  "model": "contenttypes.contenttype",
  "pk": 3,
  "fields": {
    "app_label": "auth",
    "model": "permission"
  }
},
{
  "model": "contenttypes.contenttype",
  "pk": 4,
  "fields": {
    "app_label": "auth",
    "model": "user"
  }
},
{
  "model": "contenttypes.contenttype",
  "pk": 5,
  "fields": {
    "app_label": "auth",
    "model": "group"
  }
},
{
  "model": "contenttypes.contenttype",
  "pk": 6,
  "fields": {
    "app_label": "contenttypes",
    "model": "contenttype"
  }
},
{
  "model": "contenttypes.contenttype",
  "pk": 7,
  "fields": {
    "app_label": "sessions",
    "model": "session"
  }
},
{
  "model": "contenttypes.contenttype",
  "pk": 8,
  "fields": {
    "app_label": "wish_list",
    "model": "item"
  }
},
{
  "model": "sessions.session",
  "pk": "18glbavlwujk2bo4895629uqzx8yy2id",
  "fields": {
    "session_data": "YjYwZDcxMTMwYjJjNDhjYmI5ZDJmOGUyZjYxNmQxMmI5ZTlmNjRiYjp7InVzZXJuYW1lIjoiIiwiZW1haWwiOiIifQ==",
    "expire_date": "2017-04-06T23:23:54.006Z"
  }
},
{
  "model": "sessions.session",
  "pk": "1h94q3nauu7fb1ur7juatitnnv7lyba8",
  "fields": {
    "session_data": "OWY4MTg1ZTJiYzAzNzFlZTc3MGNlZjYyMmNkMjRlNjA3MGZiYzE5YTp7InVzZXJuYW1lIjoiRGFsdG9uIiwiZW1haWwiOiJkYnJvYmFja0BnbWFpbC5jb20ifQ==",
    "expire_date": "2017-04-07T16:31:27.081Z"
  }
},
{
  "model": "sessions.session",
  "pk": "5zj1dvdhfmeh3i6jwew0ox7552o4cgab",
  "fields": {
    "session_data": "OWYzNmVmYmJiZGE0MzliYTkyYjgwM2FkY2JjZTU2ODk0MTE2NmUwYzp7InVzZXJuYW1lIjoiIiwidGhpc191c2VyIjpbXSwiZW1haWwiOiIiLCJpZCI6IjI1In0=",
    "expire_date": "2017-04-07T20:21:42.845Z"
  }
},
{
  "model": "sessions.session",
  "pk": "dv5785x2kybihg860e9lw65l3f7ak5dt",
  "fields": {
    "session_data": "YjYwZDcxMTMwYjJjNDhjYmI5ZDJmOGUyZjYxNmQxMmI5ZTlmNjRiYjp7InVzZXJuYW1lIjoiIiwiZW1haWwiOiIifQ==",
    "expire_date": "2017-04-07T16:31:30.491Z"
  }
},
{
  "model": "auth.permission",
  "pk": 1,
  "fields": {
    "name": "Can add user",
    "content_type": 1,
    "codename": "add_user"
  }
},
{
  "model": "auth.permission",
  "pk": 2,
  "fields": {
    "name": "Can change user",
    "content_type": 1,
    "codename": "change_user"
  }
},
{
  "model": "auth.permission",
  "pk": 3,
  "fields": {
    "name": "Can delete user",
    "content_type": 1,
    "codename": "delete_user"
  }
},
{
  "model": "auth.permission",
  "pk": 4,
  "fields": {
    "name": "Can add log entry",
    "content_type": 2,
    "codename": "add_logentry"
  }
},
{
  "model": "auth.permission",
  "pk": 5,
  "fields": {
    "name": "Can change log entry",
    "content_type": 2,
    "codename": "change_logentry"
  }
},
{
  "model": "auth.permission",
  "pk": 6,
  "fields": {
    "name": "Can delete log entry",
    "content_type": 2,
    "codename": "delete_logentry"
  }
},
{
  "model": "auth.permission",
  "pk": 7,
  "fields": {
    "name": "Can add permission",
    "content_type": 3,
    "codename": "add_permission"
  }
},
{
  "model": "auth.permission",
  "pk": 8,
  "fields": {
    "name": "Can change permission",
    "content_type": 3,
    "codename": "change_permission"
  }
},
{
  "model": "auth.permission",
  "pk": 9,
  "fields": {
    "name": "Can delete permission",
    "content_type": 3,
    "codename": "delete_permission"
  }
},
{
  "model": "auth.permission",
  "pk": 10,
  "fields": {
    "name": "Can add user",
    "content_type": 4,
    "codename": "add_user"
  }
},
{
  "model": "auth.permission",
  "pk": 11,
  "fields": {
    "name": "Can change user",
    "content_type": 4,
    "codename": "change_user"
  }
},
{
  "model": "auth.permission",
  "pk": 12,
  "fields": {
    "name": "Can delete user",
    "content_type": 4,
    "codename": "delete_user"
  }
},
{
  "model": "auth.permission",
  "pk": 13,
  "fields": {
    "name": "Can add group",
    "content_type": 5,
    "codename": "add_group"
  }
},
{
  "model": "auth.permission",
  "pk": 14,
  "fields": {
    "name": "Can change group",
    "content_type": 5,
    "codename": "change_group"
  }
},
{
  "model": "auth.permission",
  "pk": 15,
  "fields": {
    "name": "Can delete group",
    "content_type": 5,
    "codename": "delete_group"
  }
},
{
  "model": "auth.permission",
  "pk": 16,
  "fields": {
    "name": "Can add content type",
    "content_type": 6,
    "codename": "add_contenttype"
  }
},
{
  "model": "auth.permission",
  "pk": 17,
  "fields": {
    "name": "Can change content type",
    "content_type": 6,
    "codename": "change_contenttype"
  }
},
{
  "model": "auth.permission",
  "pk": 18,
  "fields": {
    "name": "Can delete content type",
    "content_type": 6,
    "codename": "delete_contenttype"
  }
},
{
  "model": "auth.permission",
  "pk": 19,
  "fields": {
    "name": "Can add session",
    "content_type": 7,
    "codename": "add_session"
  }
},
{
  "model": "auth.permission",
  "pk": 20,
  "fields": {
    "name": "Can change session",
    "content_type": 7,
    "codename": "change_session"
  }
},
{
  "model": "auth.permission",
  "pk": 21,
  "fields": {
    "name": "Can delete session",
    "content_type": 7,
    "codename": "delete_session"
  }
},
{
  "model": "auth.permission",
  "pk": 22,
  "fields": {
    "name": "Can add item",
    "content_type": 8,
    "codename": "add_item"
  }
},
{
  "model": "auth.permission",
  "pk": 23,
  "fields": {
    "name": "Can change item",
    "content_type": 8,
    "codename": "change_item"
  }
},
{
  "model": "auth.permission",
  "pk": 24,
  "fields": {
    "name": "Can delete item",
    "content_type": 8,
    "codename": "delete_item"
  }
}
]
